{"type":"sprite","x":0,"y":0,"name":"compnent","0":{"x":108.75,"y":-24.7,"name":"drag","type":"sprite","r":0,"sx":1.2633056640625,"sy":1.5785369873046875,"a":1,"skewX":0,"skewY":0,"0":{"type":"shape","path":[255,-20,-40,2,-20,40,2,20,40,2,20,-40,2,-20,-40,2,-20,-40,1,0.4980392156862745,-65536,33]}},"1":{"x":-2.5,"y":60.65,"name":"flabelP","type":"sprite","r":0,"sx":1,"sy":1,"a":1,"skewX":0,"skewY":0,"0":{"type":"shape","path":[255,0,0,2,0,20,2,20,20,2,20,0,2,0,0,2,0,0,1,1,16711680,33]}},"2":{"x":93.3,"y":24.65,"name":"bp1","type":"sprite","r":0,"sx":1,"sy":1,"a":1,"skewX":0,"skewY":0,"0":{"type":"shape","path":[255,0,20,2,20,20,2,20,0,2,0,0,2,0,20,2,0,20,1,1,15255186,33]}},"3":{"x":-118.05,"y":24.65,"name":"bp0","type":"sprite","r":0,"sx":1,"sy":1,"a":1,"skewX":0,"skewY":0,"0":{"type":"shape","path":[255,0,20,2,20,20,2,20,0,2,0,0,2,0,20,2,0,20,1,1,15255186,33]}},"4":{"x":-125,"y":-42,"name":"bg","type":"sprite","r":0,"sx":1,"sy":1,"a":1,"skewX":0,"skewY":0,"0":{"type":"bitmap","libName":"单刀开关 拷贝 3.png","x":0,"y":0,"r":0,"sx":1,"sy":1,"skewX":0,"skewY":0}},"5":{"x":-60.95,"y":-24.15,"name":"dao","type":"sprite","r":0,"sx":1,"sy":1,"a":1,"skewX":0,"skewY":0,"0":{"type":"bitmap","libName":"Ploe.png.png","x":-23.7,"y":-14,"r":0,"sx":1,"sy":1,"skewX":0,"skewY":0},"1":{"x":168,"y":-1.2,"name":"xin","type":"sprite","r":0,"sx":0.19000244140625,"sy":0.19500732421875,"a":1,"skewX":0,"skewY":0,"0":{"type":"shape","path":[255,0,20,2,20,20,2,20,0,2,0,0,2,0,20,2,0,20,1,1,15255186,33]}}}}